{
  "frameDifferences": [
    0.0354704817708331,
    0.021755195312500093,
    0.03826289062499995,
    0.022009205729166682,
    0.03803557291666656,
    0.09642787760416559,
    0.06674984374999983,
    0.02151167968750001,
    0.011644739583333341,
    0.004184518229166683,
    0.01635218750000011,
    0.02659441406250032,
    0.030809765625000634,
    0.019406666666666694,
    0.01700662760416679,
    0.1897454036458304,
    0.01610190104166661,
    0.04247583333333378,
    0.024244778645833253,
    0.021422812499999958,
    0.012802890624999836,
    0.013819908854166627,
    0.02811263020833339,
    0.012099609374999943,
    0.008527304687500016,
    0.0020649609375000045,
    0.006083580729166687,
    0.014472877604166653,
    0.013467955729166604,
    0.006667148437499996,
    0.009316445312499975,
    0.004726731770833353,
    0.16506821614583142,
    0.0029457552083333428,
    0.013815729166666551,
    0.00743304687499998,
    0.0032529036458333414,
    0.0023707552083333406,
    0.004406158854166658,
    0.0070985546874999745,
    0.00450557291666668,
    0.0037147265625000064,
    0.0023665234375000047,
    0.004941197916666649,
    23.639967057271893,
    0.03923855468750029,
    0.007173489583333336,
    0.027614466145833585,
    0.033408398437500195,
    0.05369923177083356,
    0.013663294270833199,
    0.04728180989583353,
    0.04652649739583342,
    0.07752716145833279,
    0.027094375000000087,
    0.011969114583333308,
    0.024337031249999957,
    0.04969791666666698,
    0.053602955729167026,
    0.00823406249999998,
    0.004728606770833348,
    0.23807718750000148,
    0.036470351562500176,
    0.023345533854166652,
    0.00420126302083334,
    0.005992135416666661,
    0.004146575520833337,
    0.011871158854166619,
    0.02368990885416667,
    0.008784596354166651,
    0.0105542317708333,
    0.0027617317708333324,
    0.019054583333333295,
    0.0164788151041666,
    0.02684196614583337,
    0.00970113281249998,
    0.004538710937500008,
    0.0010276432291666667,
    0.20663907552083552,
    0.004840260416666626,
    0.001733203125000001,
    0.0017384505208333327,
    0.002357304687500006,
    0.0023863151041666683,
    0.00777541666666667,
    0.0034268359375000034,
    0.0016483984375000008,
    0.00041230468749999997,
    0.00047640625000000086,
    0.000641718750000001,
    0.0015289713541666668,
    0.001167630208333336
  ],
  "variance": 5.997161025098665,
  "significantChangeCount": 1,
  "flashDetected": false,
  "timeStamp": "2024-08-27T13:50:12.519Z"
}