{
  "frameDifferences": [
    0.052749296875,
    6.538033281249702,
    4.296116744791583,
    7.727256901041271,
    0.05960486979166659,
    4.618911067708355,
    2.5882883723958603,
    3.6275152343750294,
    0.1789227343750006,
    4.294948190104137,
    1.794547916666678,
    6.272778229166831,
    0.1906526041666668,
    2.207647773437521,
    1.421801588541683,
    3.25414058593759,
    0.10126095052083292,
    1.9680472135416953,
    1.768670234374993,
    1.0511410156250034,
    3.107310182291732,
    0.2801880468750015,
    2.0273103255208316,
    1.1706406770833366,
    6.069444257812608,
    0.2844768229166672,
    4.962147070312646,
    1.413131796875011,
    33.477892109374785,
    0.07628640625000013,
    10.098013320312562,
    4.327429036458278,
    7.228167317708121,
    0.16618294270833317,
    6.189432747395555,
    4.044087083333169,
    11.758661770834001,
    0.05256843750000011,
    10.954919231771164,
    4.881674570312377,
    5.804594973958372,
    2.7455643880207643,
    6.361676640624872,
    4.2593483984374885,
    0.9353775520833292,
    1.3882425911458438,
    2.870569661458303,
    2.3395649348958343,
    4.014132734375047,
    4.296258151041732,
    4.684198411458414,
    31.62323078124937,
    3.7996814062500537,
    3.9886818880208907,
    4.360955429687457,
    5.230978554687621,
    0.06249757812500011,
    3.2398621093749997,
    1.0831774739583466,
    0.2727177864583379,
    2.0816111197916807,
    1.5761561197916845,
    2.0334321875000567,
    2.896798281250057,
    1.2505907812500248,
    0.220617578125,
    3.204662421875062,
    0.23550592447916827,
    1.0413028515625076,
    0.8899189973958329,
    0.9456819531249895,
    0.6223246744791694,
    0.8471843489583348,
    1.2456520572916583,
    1.9302071484374668,
    0.6903644140624948,
    1.5604629166666726,
    0.20173591145833322,
    8.240092955728553,
    46.150838541665436,
    5.221240013021045
  ],
  "variance": 49.81700490818407,
  "significantChangeCount": 6,
  "flashDetected": false,
  "timeStamp": "2024-09-02T13:40:55.763Z"
}