{
  "frameDifferences": [
    4.66151277343737,
    5.987936666666403,
    2.756736367187478,
    2.223854895833284,
    3.490280013020791,
    2.8045091536458093,
    3.7652104687499186,
    2.5284739843749646,
    1.9649376432291483,
    3.342929088541629,
    4.189843216145716,
    2.3004214192707995,
    3.3299646093749256,
    4.857860950520668,
    2.3652690234374374,
    1.9339400390624917,
    3.3975930468749915,
    2.569758463541638,
    3.729604036458264,
    3.8129695052082533,
    3.3646436328125082,
    5.544608020833191,
    4.193237851562357,
    5.299902031249858,
    3.0426272005207795,
    2.9929285677083217,
    2.148845924479154,
    3.4310567838542125,
    2.481203072916669,
    3.873116054687417,
    4.307693398437445,
    4.632707291666704,
    3.2024088541665736,
    4.829209583333199,
    5.673965507812389,
    3.503137135416615,
    1.8939184374999691,
    3.511849348958301,
    3.200657630208306,
    3.8394958723956876,
    3.7995845703125,
    1.3365150130208203,
    3.2689335546873717,
    3.8517514843749305,
    2.9892384244790975,
    1.8948225260416454,
    4.150037304687371,
    2.764350403645775,
    4.643719544270651,
    3.521354453124931,
    5.477553580728899,
    4.962775013020605,
    4.054335716145728,
    3.0094209505208216,
    5.360930117187317,
    4.891151822916491,
    3.7459380989583004,
    1.5914801953124849,
    2.8127109895832247,
    3.4568413151040933,
    4.273187513020777,
    4.616637617187457,
    2.5325685807291225,
    3.4142530468749532,
    4.863741419270766,
    4.982389427083074,
    3.0444669791665633,
    5.760150364583205,
    5.101386927083191,
    3.6517812239582215,
    2.5013244531249397,
    3.2602753906249027,
    2.5133429817707325,
    3.8069387369790344,
    1.8990597265624816,
    4.262887981770727,
    4.9867608593748525,
    4.773709492187222,
    5.301005221353977,
    3.2527274999999145,
    3.5035984114582606,
    3.8427422265624,
    2.378583450520762,
    1.3328917057291585,
    4.883161510416567,
    3.2868304296874453,
    3.89889217447909,
    2.936086666666652,
    3.9495622135414554,
    4.519078723958194,
    5.442995755208167,
    2.5143736588541055,
    3.531265572916625,
    3.3404674869790956,
    2.287768216145806,
    1.9087403124999625,
    3.4703360026041423
  ],
  "variance": 1.1952659833445134,
  "significantChangeCount": 0,
  "flashDetected": false,
  "timeStamp": "2024-09-02T14:11:41.552Z"
}