{
  "frameDifferences": [
    10.337332018228924,
    4.697979635416673,
    71.38286109374928,
    29.247676914061795,
    23.662277890623923,
    77.5724025781278,
    30.220417213544735,
    28.497863072917383,
    33.570203085939326,
    48.102250507812045,
    34.325209218750736,
    34.82869661458297,
    42.70390085937533,
    74.9437025130212,
    11.137088958331669,
    11.673415494790026,
    10.99485192708065,
    64.75959197917159,
    9.519742486978137,
    12.884853619790862,
    74.26691126302272,
    4.784146432291202,
    70.8733656380178,
    9.594806445312384,
    8.979428437500209,
    89.16096986979356,
    5.583358372395901,
    36.93007545572692,
    89.7646672395877,
    9.101007291666875,
    11.493255963541777,
    18.14402907552185,
    11.789732526041647,
    29.346382109375213,
    78.30045846354393,
    18.55546055989712,
    24.710726666665586,
    75.70500667969006,
    30.52735589843612,
    89.1576524609362,
    79.74065131510312,
    24.121428697917548,
    23.785294479166716,
    72.20035733071926,
    18.55580157551632,
    80.41167699217695,
    25.752708632812936,
    27.73528992187613,
    68.55827501301854,
    44.27504326823795
  ],
  "variance": 759.8526011187388,
  "significantChangeCount": 43,
  "flashDetected": true,
  "timeStamp": "2024-08-28T16:30:53.890Z"
}